Material_Name,Formula,Category,Molar_Mass_g_mol,Model,A,B,C,D,E,T_min_K,T_max_K,Cp_Unit,Source
Aluminum,Al,Metals and alloys,26.98,Shomate,28.0892,-5.4148,8.5604,3.4273,-0.2773,298,933,J/(mol*K),NIST Chemistry WebBook
Copper,Cu,Metals and alloys,63.55,Shomate,17.7289,28.0987,-31.2529,13.9724,0.0686,298,1358,J/(mol*K),NIST Chemistry WebBook
Iron (alpha),Fe,Metals and alloys,55.85,Shomate,18.4286,24.643,-8.9147,9.6647,-0.0126,298,1042,J/(mol*K),NIST JANAF
Nickel,Ni,Metals and alloys,58.69,Shomate,14.2882,40.2312,-43.5133,19.3411,0.0411,298,1728,J/(mol*K),NIST Chemistry WebBook
Titanium (alpha),Ti,Metals and alloys,47.87,Shomate,22.074,12.088,-4.777,1.256,0.038,298,1155,J/(mol*K),NIST JANAF
Silver,Ag,Metals and alloys,107.87,Shomate,21.36,8.54,-1.52,0.38,0.11,298,1235,J/(mol*K),NIST Chemistry WebBook
Gold,Au,Metals and alloys,196.97,Shomate,23.66,5.38,-0.87,0.19,0.04,298,1337,J/(mol*K),NIST Chemistry WebBook
AISI 1018 Steel,Fe-C,Metals and alloys,55.5,Polynomial,450.0,0.28,-0.0001,0.0,0.0,298,1000,J/(kg*K),MatWeb
SS 304,Fe-Cr-Ni,Metals and alloys,55.0,Polynomial,470.0,0.32,-8e-05,0.0,0.0,298,1200,J/(kg*K),MatWeb
Inconel 625,Ni-Cr-Mo,Metals and alloys,60.2,Polynomial,410.0,0.29,-5e-05,0.0,0.0,298,1273,J/(kg*K),MatWeb
Aluminum Grade-A,Al-v1,Metals and alloys,24.96,Shomate,25.9825,-5.00869,7.91837,3.1702525,-0.2565025,298,933,J/(mol*K),NIST Chemistry WebBook
Copper Grade-B,Cu-v2,Metals and alloys,59.74,Shomate,16.6652,26.412778,-29.377726,13.134056,0.064484,298,1358,J/(mol*K),NIST Chemistry WebBook
Iron (alpha) Grade-C,Fe-v3,Metals and alloys,53.34,Shomate,17.5993,23.534065,-8.5135385,9.2297885,-0.012033,298,1042,J/(mol*K),NIST JANAF
Nickel Grade-D,Ni-v4,Metals and alloys,56.93,Shomate,13.8596,39.024264,-42.207901,18.760867,0.039867,298,1728,J/(mol*K),NIST Chemistry WebBook
Titanium (alpha) Grade-E,Ti-v5,Metals and alloys,47.15,Shomate,21.7429,11.90668,-4.705345,1.23716,0.03743,298,1155,J/(mol*K),NIST JANAF
Silver Grade-F,Ag-v6,Metals and alloys,107.87,Shomate,21.36,8.54,-1.52,0.38,0.11,298,1235,J/(mol*K),NIST Chemistry WebBook
Gold Grade-G,Au-v7,Metals and alloys,199.92,Shomate,24.0149,5.4607,-0.88305,0.19285,0.0406,298,1337,J/(mol*K),NIST Chemistry WebBook
AISI 1018 Steel Grade-H,Fe-C-v8,Metals and alloys,57.16,Polynomial,463.5,0.2884,-0.000103,0.0,0.0,298,1000,J/(kg*K),MatWeb
SS 304 Grade-I,Fe-Cr-Ni-v9,Metals and alloys,57.47,Polynomial,491.15,0.3344,-8.36e-05,0.0,0.0,298,1200,J/(kg*K),MatWeb
Inconel 625 Grade-J,Ni-Cr-Mo-v10,Metals and alloys,63.81,Polynomial,434.6,0.3074,-5.3e-05,0.0,0.0,298,1273,J/(kg*K),MatWeb
Aluminum Grade-K,Al-v11,Metals and alloys,29.0,Shomate,30.1959,-5.82091,9.20243,3.6843475,-0.2980975,298,933,J/(mol*K),NIST Chemistry WebBook
Copper Grade-L,Cu-v12,Metals and alloys,58.78,Shomate,16.3992,25.991298,-28.9089325,12.92447,0.063455,298,1358,J/(mol*K),NIST Chemistry WebBook
Iron (alpha) Grade-M,Fe-v13,Metals and alloys,52.5,Shomate,17.3229,23.16442,-8.379818,9.084818,-0.011844,298,1042,J/(mol*K),NIST JANAF
Nickel Grade-N,Ni-v14,Metals and alloys,56.05,Shomate,13.6452,38.420796,-41.5552015,18.4707505,0.0392505,298,1728,J/(mol*K),NIST Chemistry WebBook
Titanium (alpha) Grade-O,Ti-v15,Metals and alloys,46.43,Shomate,21.4118,11.72536,-4.63369,1.21832,0.03686,298,1155,J/(mol*K),NIST JANAF
Silver Grade-P,Ag-v16,Metals and alloys,106.25,Shomate,21.0396,8.4119,-1.4972,0.3743,0.10835,298,1235,J/(mol*K),NIST Chemistry WebBook
Gold Grade-Q,Au-v17,Metals and alloys,196.97,Shomate,23.66,5.38,-0.87,0.19,0.04,298,1337,J/(mol*K),NIST Chemistry WebBook
AISI 1018 Steel Grade-R,Fe-C-v18,Metals and alloys,56.33,Polynomial,456.75,0.2842,-0.0001015,0.0,0.0,298,1000,J/(kg*K),MatWeb
SS 304 Grade-S,Fe-Cr-Ni-v19,Metals and alloys,56.65,Polynomial,484.1,0.3296,-8.24e-05,0.0,0.0,298,1200,J/(kg*K),MatWeb
Inconel 625 Grade-T,Ni-Cr-Mo-v20,Metals and alloys,62.91,Polynomial,428.45,0.30305,-5.225e-05,0.0,0.0,298,1273,J/(kg*K),MatWeb
Aluminum Grade-U,Al-v21,Metals and alloys,28.6,Shomate,29.7746,-5.739688,9.074024,3.632938,-0.293938,298,933,J/(mol*K),NIST Chemistry WebBook
Copper Grade-V,Cu-v22,Metals and alloys,68.32,Shomate,19.0586,30.206103,-33.5968675,15.02033,0.073745,298,1358,J/(mol*K),NIST Chemistry WebBook
Iron (alpha) Grade-W,Fe-v23,Metals and alloys,51.66,Shomate,17.0465,22.794775,-8.2460975,8.9398475,-0.011655,298,1042,J/(mol*K),NIST JANAF
Nickel Grade-X,Ni-v24,Metals and alloys,55.17,Shomate,13.4309,37.817328,-40.902502,18.180634,0.038634,298,1728,J/(mol*K),NIST Chemistry WebBook
Titanium (alpha) Grade-Y,Ti-v25,Metals and alloys,45.72,Shomate,21.0807,11.54404,-4.562035,1.19948,0.03629,298,1155,J/(mol*K),NIST JANAF
Silver Grade-Z,Ag-v26,Metals and alloys,104.63,Shomate,20.7192,8.2838,-1.4744,0.3686,0.1067,298,1235,J/(mol*K),NIST Chemistry WebBook
Gold Grade-A,Au-v27,Metals and alloys,194.02,Shomate,23.3051,5.2993,-0.85695,0.18715,0.0394,298,1337,J/(mol*K),NIST Chemistry WebBook
AISI 1018 Steel Grade-B,Fe-C-v28,Metals and alloys,55.5,Polynomial,450.0,0.28,-0.0001,0.0,0.0,298,1000,J/(kg*K),MatWeb
SS 304 Grade-C,Fe-Cr-Ni-v29,Metals and alloys,55.82,Polynomial,477.05,0.3248,-8.12e-05,0.0,0.0,298,1200,J/(kg*K),MatWeb
Inconel 625 Grade-D,Ni-Cr-Mo-v30,Metals and alloys,62.01,Polynomial,422.3,0.2987,-5.15e-05,0.0,0.0,298,1273,J/(kg*K),MatWeb
Aluminum Grade-E,Al-v31,Metals and alloys,28.19,Shomate,29.3532,-5.658466,8.945618,3.5815285,-0.2897785,298,933,J/(mol*K),NIST Chemistry WebBook
Copper Grade-F,Cu-v32,Metals and alloys,67.36,Shomate,18.7926,29.784622,-33.128074,14.810744,0.072716,298,1358,J/(mol*K),NIST Chemistry WebBook
Iron (alpha) Grade-G,Fe-v33,Metals and alloys,60.04,Shomate,19.8107,26.491225,-9.5833025,10.3895525,-0.013545,298,1042,J/(mol*K),NIST JANAF
Nickel Grade-H,Ni-v34,Metals and alloys,54.29,Shomate,13.2166,37.21386,-40.2498025,17.8905175,0.0380175,298,1728,J/(mol*K),NIST Chemistry WebBook
Titanium (alpha) Grade-I,Ti-v35,Metals and alloys,45.0,Shomate,20.7496,11.36272,-4.49038,1.18064,0.03572,298,1155,J/(mol*K),NIST JANAF
Silver Grade-J,Ag-v36,Metals and alloys,103.02,Shomate,20.3988,8.1557,-1.4516,0.3629,0.10505,298,1235,J/(mol*K),NIST Chemistry WebBook
Gold Grade-K,Au-v37,Metals and alloys,191.06,Shomate,22.9502,5.2186,-0.8439,0.1843,0.0388,298,1337,J/(mol*K),NIST Chemistry WebBook
AISI 1018 Steel Grade-L,Fe-C-v38,Metals and alloys,54.67,Polynomial,443.25,0.2758,-9.85e-05,0.0,0.0,298,1000,J/(kg*K),MatWeb
SS 304 Grade-M,Fe-Cr-Ni-v39,Metals and alloys,55.0,Polynomial,470.0,0.32,-8e-05,0.0,0.0,298,1200,J/(kg*K),MatWeb
Inconel 625 Grade-N,Ni-Cr-Mo-v40,Metals and alloys,61.1,Polynomial,416.15,0.29435,-5.075e-05,0.0,0.0,298,1273,J/(kg*K),MatWeb
Alumina (alpha),Al2O3,Ceramics,101.96,Shomate,102.42,38.74,-15.91,2.62,-3.0,298,1800,J/(mol*K),NIST Chemistry WebBook
Silicon Carbide,SiC,Ceramics,40.1,Shomate,39.51,14.82,-5.2,0.81,-1.21,298,2000,J/(mol*K),NIST JANAF
Silicon Nitride,Si3N4,Ceramics,140.28,Shomate,95.2,42.1,-12.4,1.8,-2.5,298,1700,J/(mol*K),Materials Project
Zirconia,ZrO2,Ceramics,123.22,Shomate,69.62,15.2,-4.1,0.6,-1.8,298,1400,J/(mol*K),NIST Chemistry WebBook
Magnesium Oxide,MgO,Ceramics,40.3,Shomate,45.8,8.2,-1.9,0.2,-0.9,298,1800,J/(mol*K),NIST JANAF
Titanium Dioxide,TiO2,Ceramics,79.87,Shomate,67.2,18.5,-6.1,0.9,-1.4,298,1500,J/(mol*K),NIST Chemistry WebBook
Barium Titanate,BaTiO3,Ceramics,233.19,Polynomial,115.0,22.0,-4.5,0.5,-2.1,298,1400,J/(mol*K),Materials Project
Alumina (alpha) Grade-A,Al2O3-v1,Ceramics,94.31,Shomate,94.7385,35.8345,-14.71675,2.4235,-2.775,298,1800,J/(mol*K),NIST Chemistry WebBook
Silicon Carbide Grade-B,SiC-v2,Ceramics,37.69,Shomate,37.1394,13.9308,-4.888,0.7614,-1.1374,298,2000,J/(mol*K),NIST JANAF
Silicon Nitride Grade-C,Si3N4-v3,Ceramics,133.97,Shomate,90.916,40.2055,-11.842,1.719,-2.3875,298,1700,J/(mol*K),Materials Project
Zirconia Grade-D,ZrO2-v4,Ceramics,119.52,Shomate,67.5314,14.744,-3.977,0.582,-1.746,298,1400,J/(mol*K),NIST Chemistry WebBook
Magnesium Oxide Grade-E,MgO-v5,Ceramics,39.7,Shomate,45.113,8.077,-1.8715,0.197,-0.8865,298,1800,J/(mol*K),NIST JANAF
Titanium Dioxide Grade-F,TiO2-v6,Ceramics,79.87,Shomate,67.2,18.5,-6.1,0.9,-1.4,298,1500,J/(mol*K),NIST Chemistry WebBook
Barium Titanate Grade-G,BaTiO3-v7,Ceramics,236.69,Polynomial,116.725,22.33,-4.5675,0.5075,-2.1315,298,1400,J/(mol*K),Materials Project
Alumina (alpha) Grade-H,Al2O3-v8,Ceramics,105.02,Shomate,105.4926,39.9022,-16.3873,2.6986,-3.09,298,1800,J/(mol*K),NIST Chemistry WebBook
Silicon Carbide Grade-I,SiC-v9,Ceramics,41.9,Shomate,41.2879,15.4869,-5.434,0.84645,-1.26445,298,2000,J/(mol*K),NIST JANAF
Silicon Nitride Grade-J,Si3N4-v10,Ceramics,148.7,Shomate,100.912,44.626,-13.144,1.908,-2.65,298,1700,J/(mol*K),Materials Project
Zirconia Grade-K,ZrO2-v11,Ceramics,132.46,Shomate,74.8415,16.34,-4.4075,0.645,-1.935,298,1400,J/(mol*K),NIST Chemistry WebBook
Magnesium Oxide Grade-L,MgO-v12,Ceramics,37.28,Shomate,42.365,7.585,-1.7575,0.185,-0.8325,298,1800,J/(mol*K),NIST JANAF
Titanium Dioxide Grade-M,TiO2-v13,Ceramics,75.08,Shomate,63.168,17.39,-5.734,0.846,-1.316,298,1500,J/(mol*K),NIST Chemistry WebBook
Barium Titanate Grade-N,BaTiO3-v14,Ceramics,222.7,Polynomial,109.825,21.01,-4.2975,0.4775,-2.0055,298,1400,J/(mol*K),Materials Project
Alumina (alpha) Grade-O,Al2O3-v15,Ceramics,98.9,Shomate,99.3474,37.5778,-15.4327,2.5414,-2.91,298,1800,J/(mol*K),NIST Chemistry WebBook
Silicon Carbide Grade-P,SiC-v16,Ceramics,39.5,Shomate,38.9173,14.5977,-5.122,0.79785,-1.19185,298,2000,J/(mol*K),NIST JANAF
Silicon Nitride Grade-Q,Si3N4-v17,Ceramics,140.28,Shomate,95.2,42.1,-12.4,1.8,-2.5,298,1700,J/(mol*K),Materials Project
Zirconia Grade-R,ZrO2-v18,Ceramics,125.07,Shomate,70.6643,15.428,-4.1615,0.609,-1.827,298,1400,J/(mol*K),NIST Chemistry WebBook
Magnesium Oxide Grade-S,MgO-v19,Ceramics,41.51,Shomate,47.174,8.446,-1.957,0.206,-0.927,298,1800,J/(mol*K),NIST JANAF
Titanium Dioxide Grade-T,TiO2-v20,Ceramics,83.46,Shomate,70.224,19.3325,-6.3745,0.9405,-1.463,298,1500,J/(mol*K),NIST Chemistry WebBook
Barium Titanate Grade-U,BaTiO3-v21,Ceramics,247.18,Polynomial,121.9,23.32,-4.77,0.53,-2.226,298,1400,J/(mol*K),Materials Project
Alumina (alpha) Grade-V,Al2O3-v22,Ceramics,109.61,Shomate,110.1015,41.6455,-17.10325,2.8165,-3.225,298,1800,J/(mol*K),NIST Chemistry WebBook
Silicon Carbide Grade-W,SiC-v23,Ceramics,37.09,Shomate,36.5468,13.7085,-4.81,0.74925,-1.11925,298,2000,J/(mol*K),NIST JANAF
Silicon Nitride Grade-X,Si3N4-v24,Ceramics,131.86,Shomate,89.488,39.574,-11.656,1.692,-2.35,298,1700,J/(mol*K),Materials Project
Zirconia Grade-Y,ZrO2-v25,Ceramics,117.68,Shomate,66.4871,14.516,-3.9155,0.573,-1.719,298,1400,J/(mol*K),NIST Chemistry WebBook
Magnesium Oxide Grade-Z,MgO-v26,Ceramics,39.09,Shomate,44.426,7.954,-1.843,0.194,-0.873,298,1800,J/(mol*K),NIST JANAF
Titanium Dioxide Grade-A,TiO2-v27,Ceramics,78.67,Shomate,66.192,18.2225,-6.0085,0.8865,-1.379,298,1500,J/(mol*K),NIST Chemistry WebBook
Barium Titanate Grade-B,BaTiO3-v28,Ceramics,233.19,Polynomial,115.0,22.0,-4.5,0.5,-2.1,298,1400,J/(mol*K),Materials Project
Silicon,Si,Semiconductors,28.09,Shomate,22.81,4.22,-0.91,0.12,-0.32,298,1687,J/(mol*K),NIST Chemistry WebBook
Germanium,Ge,Semiconductors,72.63,Shomate,23.3,5.1,-1.1,0.2,-0.1,298,1211,J/(mol*K),NIST JANAF
Gallium Arsenide,GaAs,Semiconductors,144.64,Polynomial,46.2,8.4,-1.5,0.2,-0.4,298,1500,J/(mol*K),Materials Project
Indium Phosphide,InP,Semiconductors,145.79,Polynomial,45.1,9.2,-1.8,0.3,-0.3,298,1300,J/(mol*K),Materials Project
Gallium Nitride,GaN,Semiconductors,83.73,Polynomial,38.0,11.5,-2.8,0.4,-0.8,298,1400,J/(mol*K),AFLOW Database
Cadmium Telluride,CdTe,Semiconductors,240.01,Polynomial,48.0,6.2,-0.8,0.1,-0.2,298,1200,J/(mol*K),Materials Project
Silicon Grade-A,Si-v1,Semiconductors,25.98,Shomate,21.0993,3.9035,-0.84175,0.111,-0.296,298,1687,J/(mol*K),NIST Chemistry WebBook
Germanium Grade-B,Ge-v2,Semiconductors,68.27,Shomate,21.902,4.794,-1.034,0.188,-0.094,298,1211,J/(mol*K),NIST JANAF
Gallium Arsenide Grade-C,GaAs-v3,Semiconductors,138.13,Polynomial,44.121,8.022,-1.4325,0.191,-0.382,298,1500,J/(mol*K),Materials Project
Indium Phosphide Grade-D,InP-v4,Semiconductors,141.42,Polynomial,43.747,8.924,-1.746,0.291,-0.291,298,1300,J/(mol*K),Materials Project
Gallium Nitride Grade-E,GaN-v5,Semiconductors,82.47,Polynomial,37.43,11.3275,-2.758,0.394,-0.788,298,1400,J/(mol*K),AFLOW Database
Cadmium Telluride Grade-F,CdTe-v6,Semiconductors,240.01,Polynomial,48.0,6.2,-0.8,0.1,-0.2,298,1200,J/(mol*K),Materials Project
Silicon Grade-G,Si-v7,Semiconductors,28.51,Shomate,23.1521,4.2833,-0.92365,0.1218,-0.3248,298,1687,J/(mol*K),NIST Chemistry WebBook
Germanium Grade-H,Ge-v8,Semiconductors,74.81,Shomate,23.999,5.253,-1.133,0.206,-0.103,298,1211,J/(mol*K),NIST JANAF
Gallium Arsenide Grade-I,GaAs-v9,Semiconductors,151.15,Polynomial,48.279,8.778,-1.5675,0.209,-0.418,298,1500,J/(mol*K),Materials Project
Indium Phosphide Grade-J,InP-v10,Semiconductors,154.54,Polynomial,47.806,9.752,-1.908,0.318,-0.318,298,1300,J/(mol*K),Materials Project
Gallium Nitride Grade-K,GaN-v11,Semiconductors,90.01,Polynomial,40.85,12.3625,-3.01,0.43,-0.86,298,1400,J/(mol*K),AFLOW Database
Cadmium Telluride Grade-L,CdTe-v12,Semiconductors,222.01,Polynomial,44.4,5.735,-0.74,0.0925,-0.185,298,1200,J/(mol*K),Materials Project
Silicon Grade-M,Si-v13,Semiconductors,26.4,Shomate,21.4414,3.9668,-0.8554,0.1128,-0.3008,298,1687,J/(mol*K),NIST Chemistry WebBook
Germanium Grade-N,Ge-v14,Semiconductors,69.36,Shomate,22.2515,4.8705,-1.0505,0.191,-0.0955,298,1211,J/(mol*K),NIST JANAF
Gallium Arsenide Grade-O,GaAs-v15,Semiconductors,140.3,Polynomial,44.814,8.148,-1.455,0.194,-0.388,298,1500,J/(mol*K),Materials Project
Indium Phosphide Grade-P,InP-v16,Semiconductors,143.6,Polynomial,44.4235,9.062,-1.773,0.2955,-0.2955,298,1300,J/(mol*K),Materials Project
Gallium Nitride Grade-Q,GaN-v17,Semiconductors,83.73,Polynomial,38.0,11.5,-2.8,0.4,-0.8,298,1400,J/(mol*K),AFLOW Database
Cadmium Telluride Grade-R,CdTe-v18,Semiconductors,243.61,Polynomial,48.72,6.293,-0.812,0.1015,-0.203,298,1200,J/(mol*K),Materials Project
Silicon Grade-S,Si-v19,Semiconductors,28.93,Shomate,23.4943,4.3466,-0.9373,0.1236,-0.3296,298,1687,J/(mol*K),NIST Chemistry WebBook
Germanium Grade-T,Ge-v20,Semiconductors,75.9,Shomate,24.3485,5.3295,-1.1495,0.209,-0.1045,298,1211,J/(mol*K),NIST JANAF
Polyethylene (HDPE),(C2H4)n,Polymers,28.05,Polynomial,1350.0,4.2,-0.002,0.0,0.0,200,390,J/(kg*K),PoLyInfo (NIMS)
Polypropylene (PP),(C3H6)n,Polymers,42.08,Polynomial,1500.0,3.8,-0.0018,0.0,0.0,200,420,J/(kg*K),PoLyInfo (NIMS)
Polystyrene (PS),(C8H8)n,Polymers,104.15,Polynomial,1200.0,3.1,-0.0012,0.0,0.0,200,370,J/(kg*K),PoLyInfo (NIMS)
PTFE (Teflon),(C2F4)n,Polymers,100.02,Polynomial,950.0,2.5,-0.0009,0.0,0.0,200,550,J/(kg*K),PoLyInfo (NIMS)
"Nylon 6,6",(C12H22N2O2)n,Polymers,226.32,Polynomial,1450.0,3.9,-0.0015,0.0,0.0,200,480,J/(kg*K),MatWeb
PEEK,(C19H12O3)n,Polymers,288.3,Polynomial,1320.0,3.5,-0.0012,0.0,0.0,200,580,J/(kg*K),PoLyInfo (NIMS)
Polyethylene (HDPE) Grade-A,(C2H4)n-v1,Polymers,25.95,Polynomial,1248.75,3.885,-0.00185,0.0,0.0,200,390,J/(kg*K),PoLyInfo (NIMS)
Polypropylene (PP) Grade-B,(C3H6)n-v2,Polymers,39.56,Polynomial,1410.0,3.572,-0.001692,0.0,0.0,200,420,J/(kg*K),PoLyInfo (NIMS)
Polystyrene (PS) Grade-C,(C8H8)n-v3,Polymers,99.46,Polynomial,1146.0,2.9605,-0.001146,0.0,0.0,200,370,J/(kg*K),PoLyInfo (NIMS)
PTFE (Teflon) Grade-D,(C2F4)n-v4,Polymers,97.02,Polynomial,921.5,2.425,-0.000873,0.0,0.0,200,550,J/(kg*K),PoLyInfo (NIMS)
"Nylon 6,6 Grade-E",(C12H22N2O2)n-v5,Polymers,222.93,Polynomial,1428.25,3.8415,-0.0014775,0.0,0.0,200,480,J/(kg*K),MatWeb
PEEK Grade-F,(C19H12O3)n-v6,Polymers,288.3,Polynomial,1320.0,3.5,-0.0012,0.0,0.0,200,580,J/(kg*K),PoLyInfo (NIMS)
Polyethylene (HDPE) Grade-G,(C2H4)n-v7,Polymers,28.47,Polynomial,1370.25,4.263,-0.00203,0.0,0.0,200,390,J/(kg*K),PoLyInfo (NIMS)
Polypropylene (PP) Grade-H,(C3H6)n-v8,Polymers,43.34,Polynomial,1545.0,3.914,-0.001854,0.0,0.0,200,420,J/(kg*K),PoLyInfo (NIMS)
Polystyrene (PS) Grade-I,(C8H8)n-v9,Polymers,108.84,Polynomial,1254.0,3.2395,-0.001254,0.0,0.0,200,370,J/(kg*K),PoLyInfo (NIMS)
PTFE (Teflon) Grade-J,(C2F4)n-v10,Polymers,106.02,Polynomial,1007.0,2.65,-0.000954,0.0,0.0,200,550,J/(kg*K),PoLyInfo (NIMS)
"Nylon 6,6 Grade-K",(C12H22N2O2)n-v11,Polymers,243.29,Polynomial,1558.75,4.1925,-0.0016125,0.0,0.0,200,480,J/(kg*K),MatWeb
PEEK Grade-L,(C19H12O3)n-v12,Polymers,266.68,Polynomial,1221.0,3.2375,-0.00111,0.0,0.0,200,580,J/(kg*K),PoLyInfo (NIMS)
Polyethylene (HDPE) Grade-M,(C2H4)n-v13,Polymers,26.37,Polynomial,1269.0,3.948,-0.00188,0.0,0.0,200,390,J/(kg*K),PoLyInfo (NIMS)
Polypropylene (PP) Grade-N,(C3H6)n-v14,Polymers,40.19,Polynomial,1432.5,3.629,-0.001719,0.0,0.0,200,420,J/(kg*K),PoLyInfo (NIMS)
Polystyrene (PS) Grade-O,(C8H8)n-v15,Polymers,101.03,Polynomial,1164.0,3.007,-0.001164,0.0,0.0,200,370,J/(kg*K),PoLyInfo (NIMS)
PTFE (Teflon) Grade-P,(C2F4)n-v16,Polymers,98.52,Polynomial,935.75,2.4625,-0.0008865,0.0,0.0,200,550,J/(kg*K),PoLyInfo (NIMS)
"Nylon 6,6 Grade-Q",(C12H22N2O2)n-v17,Polymers,226.32,Polynomial,1450.0,3.9,-0.0015,0.0,0.0,200,480,J/(kg*K),MatWeb
PEEK Grade-R,(C19H12O3)n-v18,Polymers,292.62,Polynomial,1339.8,3.5525,-0.001218,0.0,0.0,200,580,J/(kg*K),PoLyInfo (NIMS)
Polyethylene (HDPE) Grade-S,(C2H4)n-v19,Polymers,28.89,Polynomial,1390.5,4.326,-0.00206,0.0,0.0,200,390,J/(kg*K),PoLyInfo (NIMS)
Polypropylene (PP) Grade-T,(C3H6)n-v20,Polymers,43.97,Polynomial,1567.5,3.971,-0.001881,0.0,0.0,200,420,J/(kg*K),PoLyInfo (NIMS)
Polystyrene (PS) Grade-U,(C8H8)n-v21,Polymers,110.4,Polynomial,1272.0,3.286,-0.001272,0.0,0.0,200,370,J/(kg*K),PoLyInfo (NIMS)
PTFE (Teflon) Grade-V,(C2F4)n-v22,Polymers,107.52,Polynomial,1021.25,2.6875,-0.0009675,0.0,0.0,200,550,J/(kg*K),PoLyInfo (NIMS)
"Nylon 6,6 Grade-W",(C12H22N2O2)n-v23,Polymers,209.35,Polynomial,1341.25,3.6075,-0.0013875,0.0,0.0,200,480,J/(kg*K),MatWeb
PEEK Grade-X,(C19H12O3)n-v24,Polymers,271.0,Polynomial,1240.8,3.29,-0.001128,0.0,0.0,200,580,J/(kg*K),PoLyInfo (NIMS)
Polyethylene (HDPE) Grade-Y,(C2H4)n-v25,Polymers,26.79,Polynomial,1289.25,4.011,-0.00191,0.0,0.0,200,390,J/(kg*K),PoLyInfo (NIMS)
Polypropylene (PP) Grade-Z,(C3H6)n-v26,Polymers,40.82,Polynomial,1455.0,3.686,-0.001746,0.0,0.0,200,420,J/(kg*K),PoLyInfo (NIMS)
Fused Silica,SiO2,Glasses,60.08,Polynomial,700.0,0.45,-0.0001,0.0,0.0,298,1400,J/(kg*K),MatWeb
Soda-Lime Glass,SiO2-Na2O-CaO,Glasses,62.0,Polynomial,840.0,0.38,-8e-05,0.0,0.0,298,850,J/(kg*K),MatWeb
Borosilicate (Pyrex),SiO2-B2O3-Na2O,Glasses,61.5,Polynomial,780.0,0.4,-9e-05,0.0,0.0,298,900,J/(kg*K),MatWeb
Aluminosilicate Glass,SiO2-Al2O3,Glasses,64.0,Polynomial,810.0,0.36,-7e-05,0.0,0.0,298,950,J/(kg*K),Springer Open Data
Lead Crystal Glass,SiO2-PbO-K2O,Glasses,120.0,Polynomial,520.0,0.22,-4e-05,0.0,0.0,298,750,J/(kg*K),MatWeb
Fused Silica Grade-A,SiO2-v1,Glasses,55.57,Polynomial,647.5,0.41625,-9.25e-05,0.0,0.0,298,1400,J/(kg*K),MatWeb
Soda-Lime Glass Grade-B,SiO2-Na2O-CaO-v2,Glasses,58.28,Polynomial,789.6,0.3572,-7.52e-05,0.0,0.0,298,850,J/(kg*K),MatWeb
Borosilicate (Pyrex) Grade-C,SiO2-B2O3-Na2O-v3,Glasses,58.73,Polynomial,744.9,0.382,-8.595e-05,0.0,0.0,298,900,J/(kg*K),MatWeb
Aluminosilicate Glass Grade-D,SiO2-Al2O3-v4,Glasses,62.08,Polynomial,785.7,0.3492,-6.79e-05,0.0,0.0,298,950,J/(kg*K),Springer Open Data
Lead Crystal Glass Grade-E,SiO2-PbO-K2O-v5,Glasses,118.2,Polynomial,512.2,0.2167,-3.94e-05,0.0,0.0,298,750,J/(kg*K),MatWeb
Fused Silica Grade-F,SiO2-v6,Glasses,60.08,Polynomial,700.0,0.45,-0.0001,0.0,0.0,298,1400,J/(kg*K),MatWeb
Soda-Lime Glass Grade-G,SiO2-Na2O-CaO-v7,Glasses,62.93,Polynomial,852.6,0.3857,-8.12e-05,0.0,0.0,298,850,J/(kg*K),MatWeb
Borosilicate (Pyrex) Grade-H,SiO2-B2O3-Na2O-v8,Glasses,63.34,Polynomial,803.4,0.412,-9.27e-05,0.0,0.0,298,900,J/(kg*K),MatWeb
Aluminosilicate Glass Grade-I,SiO2-Al2O3-v9,Glasses,66.88,Polynomial,846.45,0.3762,-7.315e-05,0.0,0.0,298,950,J/(kg*K),Springer Open Data
Lead Crystal Glass Grade-J,SiO2-PbO-K2O-v10,Glasses,127.2,Polynomial,551.2,0.2332,-4.24e-05,0.0,0.0,298,750,J/(kg*K),MatWeb
Fused Silica Grade-K,SiO2-v11,Glasses,64.59,Polynomial,752.5,0.48375,-0.0001075,0.0,0.0,298,1400,J/(kg*K),MatWeb
Soda-Lime Glass Grade-L,SiO2-Na2O-CaO-v12,Glasses,57.35,Polynomial,777.0,0.3515,-7.4e-05,0.0,0.0,298,850,J/(kg*K),MatWeb
Borosilicate (Pyrex) Grade-M,SiO2-B2O3-Na2O-v13,Glasses,57.81,Polynomial,733.2,0.376,-8.46e-05,0.0,0.0,298,900,J/(kg*K),MatWeb
Aluminosilicate Glass Grade-N,SiO2-Al2O3-v14,Glasses,61.12,Polynomial,773.55,0.3438,-6.685e-05,0.0,0.0,298,950,J/(kg*K),Springer Open Data
Lead Crystal Glass Grade-O,SiO2-PbO-K2O-v15,Glasses,116.4,Polynomial,504.4,0.2134,-3.88e-05,0.0,0.0,298,750,J/(kg*K),MatWeb
Fused Silica Grade-P,SiO2-v16,Glasses,59.18,Polynomial,689.5,0.44325,-9.85e-05,0.0,0.0,298,1400,J/(kg*K),MatWeb
Soda-Lime Glass Grade-Q,SiO2-Na2O-CaO-v17,Glasses,62.0,Polynomial,840.0,0.38,-8e-05,0.0,0.0,298,850,J/(kg*K),MatWeb
Mullite,3Al2O3-2SiO2,Refractories,426.05,Polynomial,850.0,0.28,-5e-05,0.0,0.0,298,1850,J/(kg*K),MatWeb
Magnesite Brick,MgO-90%,Refractories,42.0,Polynomial,920.0,0.21,-4e-05,0.0,0.0,298,2000,J/(kg*K),MatWeb
Zirconia Refractory,ZrO2-CaO,Refractories,120.0,Polynomial,480.0,0.12,-2e-05,0.0,0.0,298,2200,J/(kg*K),NASA Glenn Database
Chromite Refractory,FeCr2O4,Refractories,223.8,Polynomial,720.0,0.19,-3e-05,0.0,0.0,298,1900,J/(kg*K),NASA Glenn Database
Fireclay Brick,Al2O3-SiO2,Refractories,65.0,Polynomial,830.0,0.24,-4e-05,0.0,0.0,298,1600,J/(kg*K),MatWeb
Mullite Grade-A,3Al2O3-2SiO2-v1,Refractories,394.1,Polynomial,786.25,0.259,-4.625e-05,0.0,0.0,298,1850,J/(kg*K),MatWeb
Magnesite Brick Grade-B,MgO-90%-v2,Refractories,39.48,Polynomial,864.8,0.1974,-3.76e-05,0.0,0.0,298,2000,J/(kg*K),MatWeb
Zirconia Refractory Grade-C,ZrO2-CaO-v3,Refractories,114.6,Polynomial,458.4,0.1146,-1.91e-05,0.0,0.0,298,2200,J/(kg*K),NASA Glenn Database
Chromite Refractory Grade-D,FeCr2O4-v4,Refractories,217.09,Polynomial,698.4,0.1843,-2.91e-05,0.0,0.0,298,1900,J/(kg*K),NASA Glenn Database
Fireclay Brick Grade-E,Al2O3-SiO2-v5,Refractories,64.03,Polynomial,817.55,0.2364,-3.94e-05,0.0,0.0,298,1600,J/(kg*K),MatWeb
Mullite Grade-F,3Al2O3-2SiO2-v6,Refractories,426.05,Polynomial,850.0,0.28,-5e-05,0.0,0.0,298,1850,J/(kg*K),MatWeb
Magnesite Brick Grade-G,MgO-90%-v7,Refractories,42.63,Polynomial,933.8,0.21315,-4.06e-05,0.0,0.0,298,2000,J/(kg*K),MatWeb
Zirconia Refractory Grade-H,ZrO2-CaO-v8,Refractories,123.6,Polynomial,494.4,0.1236,-2.06e-05,0.0,0.0,298,2200,J/(kg*K),NASA Glenn Database
Chromite Refractory Grade-I,FeCr2O4-v9,Refractories,233.87,Polynomial,752.4,0.19855,-3.135e-05,0.0,0.0,298,1900,J/(kg*K),NASA Glenn Database
Fireclay Brick Grade-J,Al2O3-SiO2-v10,Refractories,68.9,Polynomial,879.8,0.2544,-4.24e-05,0.0,0.0,298,1600,J/(kg*K),MatWeb
Mullite Grade-K,3Al2O3-2SiO2-v11,Refractories,458.0,Polynomial,913.75,0.301,-5.375e-05,0.0,0.0,298,1850,J/(kg*K),MatWeb
Magnesite Brick Grade-L,MgO-90%-v12,Refractories,38.85,Polynomial,851.0,0.19425,-3.7e-05,0.0,0.0,298,2000,J/(kg*K),MatWeb
Zirconia Refractory Grade-M,ZrO2-CaO-v13,Refractories,112.8,Polynomial,451.2,0.1128,-1.88e-05,0.0,0.0,298,2200,J/(kg*K),NASA Glenn Database
Chromite Refractory Grade-N,FeCr2O4-v14,Refractories,213.73,Polynomial,687.6,0.18145,-2.865e-05,0.0,0.0,298,1900,J/(kg*K),NASA Glenn Database
Fireclay Brick Grade-O,Al2O3-SiO2-v15,Refractories,63.05,Polynomial,805.1,0.2328,-3.88e-05,0.0,0.0,298,1600,J/(kg*K),MatWeb
Mullite Grade-P,3Al2O3-2SiO2-v16,Refractories,419.66,Polynomial,837.25,0.2758,-4.925e-05,0.0,0.0,298,1850,J/(kg*K),MatWeb
Magnesite Brick Grade-Q,MgO-90%-v17,Refractories,42.0,Polynomial,920.0,0.21,-4e-05,0.0,0.0,298,2000,J/(kg*K),MatWeb
Zirconia Refractory Grade-R,ZrO2-CaO-v18,Refractories,121.8,Polynomial,487.2,0.1218,-2.03e-05,0.0,0.0,298,2200,J/(kg*K),NASA Glenn Database
Chromite Refractory Grade-S,FeCr2O4-v19,Refractories,230.51,Polynomial,741.6,0.1957,-3.09e-05,0.0,0.0,298,1900,J/(kg*K),NASA Glenn Database
CFRP (Carbon/Epoxy 60%),CFRP,Composite materials,50.0,Polynomial,920.0,0.65,-0.0002,0.0,0.0,200,450,J/(kg*K),AZoM Materials Database
GFRP (Glass/Epoxy 60%),GFRP,Composite materials,55.0,Polynomial,880.0,0.58,-0.00018,0.0,0.0,200,450,J/(kg*K),AZoM Materials Database
Kevlar/Epoxy (AFRP),AFRP,Composite materials,52.0,Polynomial,1100.0,0.72,-0.00022,0.0,0.0,200,430,J/(kg*K),MatWeb
Al-SiC Metal Matrix (20%),Al-SiC,Composite materials,30.5,Polynomial,780.0,0.38,-8e-05,0.0,0.0,298,800,J/(kg*K),AZoM Materials Database
Carbon-Carbon Composite,C-C,Composite materials,12.01,Polynomial,710.0,0.85,-0.0003,0.0,0.0,298,2500,J/(kg*K),MatWeb
CFRP (Carbon/Epoxy 60%) Grade-A,CFRP-v1,Composite materials,46.25,Polynomial,851.0,0.60125,-0.000185,0.0,0.0,200,450,J/(kg*K),AZoM Materials Database
GFRP (Glass/Epoxy 60%) Grade-B,GFRP-v2,Composite materials,51.7,Polynomial,827.2,0.5452,-0.0001692,0.0,0.0,200,450,J/(kg*K),AZoM Materials Database
Kevlar/Epoxy (AFRP) Grade-C,AFRP-v3,Composite materials,49.66,Polynomial,1050.5,0.6876,-0.0002101,0.0,0.0,200,430,J/(kg*K),MatWeb
Al-SiC Metal Matrix (20%) Grade-D,Al-SiC-v4,Composite materials,29.59,Polynomial,756.6,0.3686,-7.76e-05,0.0,0.0,298,800,J/(kg*K),AZoM Materials Database
Carbon-Carbon Composite Grade-E,C-C-v5,Composite materials,11.83,Polynomial,699.35,0.83725,-0.0002955,0.0,0.0,298,2500,J/(kg*K),MatWeb
CFRP (Carbon/Epoxy 60%) Grade-F,CFRP-v6,Composite materials,50.0,Polynomial,920.0,0.65,-0.0002,0.0,0.0,200,450,J/(kg*K),AZoM Materials Database
GFRP (Glass/Epoxy 60%) Grade-G,GFRP-v7,Composite materials,55.82,Polynomial,893.2,0.5887,-0.0001827,0.0,0.0,200,450,J/(kg*K),AZoM Materials Database
Kevlar/Epoxy (AFRP) Grade-H,AFRP-v8,Composite materials,53.56,Polynomial,1133.0,0.7416,-0.0002266,0.0,0.0,200,430,J/(kg*K),MatWeb
Al-SiC Metal Matrix (20%) Grade-I,Al-SiC-v9,Composite materials,31.87,Polynomial,815.1,0.3971,-8.36e-05,0.0,0.0,298,800,J/(kg*K),AZoM Materials Database
Carbon-Carbon Composite Grade-J,C-C-v10,Composite materials,12.73,Polynomial,752.6,0.901,-0.000318,0.0,0.0,298,2500,J/(kg*K),MatWeb
CFRP (Carbon/Epoxy 60%) Grade-K,CFRP-v11,Composite materials,53.75,Polynomial,989.0,0.69875,-0.000215,0.0,0.0,200,450,J/(kg*K),AZoM Materials Database
GFRP (Glass/Epoxy 60%) Grade-L,GFRP-v12,Composite materials,50.88,Polynomial,814.0,0.5365,-0.0001665,0.0,0.0,200,450,J/(kg*K),AZoM Materials Database
Kevlar/Epoxy (AFRP) Grade-M,AFRP-v13,Composite materials,48.88,Polynomial,1034.0,0.6768,-0.0002068,0.0,0.0,200,430,J/(kg*K),MatWeb
Al-SiC Metal Matrix (20%) Grade-N,Al-SiC-v14,Composite materials,29.13,Polynomial,744.9,0.3629,-7.64e-05,0.0,0.0,298,800,J/(kg*K),AZoM Materials Database
Carbon-Carbon Composite Grade-O,C-C-v15,Composite materials,11.65,Polynomial,688.7,0.8245,-0.000291,0.0,0.0,298,2500,J/(kg*K),MatWeb
CFRP (Carbon/Epoxy 60%) Grade-P,CFRP-v16,Composite materials,49.25,Polynomial,906.2,0.64025,-0.000197,0.0,0.0,200,450,J/(kg*K),AZoM Materials Database
GFRP (Glass/Epoxy 60%) Grade-Q,GFRP-v17,Composite materials,55.0,Polynomial,880.0,0.58,-0.00018,0.0,0.0,200,450,J/(kg*K),AZoM Materials Database
